[{"model": "admin.logentry", "pk": 1, "fields": {"action_time": "2022-08-30T06:50:53.997Z", "user": 1, "content_type": 13, "object_id": "1", "object_repr": "innoovatum", "action_flag": 2, "change_message": "[{\"changed\": {\"fields\": [\"Profile birthday\", \"Profile gender\"]}}]"}}, {"model": "admin.logentry", "pk": 2, "fields": {"action_time": "2022-08-30T09:09:31.793Z", "user": 1, "content_type": 4, "object_id": "3", "object_repr": "shaukatkotwal@gmail.com", "action_flag": 3, "change_message": ""}}, {"model": "admin.logentry", "pk": 3, "fields": {"action_time": "2022-09-01T07:22:22.199Z", "user": 1, "content_type": 15, "object_id": "1", "object_repr": "Add USB-C to your next carrier board design", "action_flag": 1, "change_message": "[{\"added\": {}}]"}}, {"model": "admin.logentry", "pk": 4, "fields": {"action_time": "2022-09-01T07:23:29.103Z", "user": 1, "content_type": 19, "object_id": "1", "object_repr": "1:https://google.com..", "action_flag": 1, "change_message": "[{\"added\": {}}]"}}, {"model": "admin.logentry", "pk": 5, "fields": {"action_time": "2022-09-01T07:24:50.003Z", "user": 1, "content_type": 19, "object_id": "2", "object_repr": "2:https://vtu.ac.in/..", "action_flag": 1, "change_message": "[{\"added\": {}}]"}}, {"model": "admin.logentry", "pk": 6, "fields": {"action_time": "2022-09-01T07:26:16.960Z", "user": 1, "content_type": 19, "object_id": "3", "object_repr": "3:https://vtu.ac.in/en/naac/..", "action_flag": 1, "change_message": "[{\"added\": {}}]"}}, {"model": "admin.logentry", "pk": 7, "fields": {"action_time": "2022-09-01T08:01:27.865Z", "user": 1, "content_type": 15, "object_id": "1", "object_repr": "Add USB-C to your next carrier board design", "action_flag": 2, "change_message": "[{\"changed\": {\"fields\": [\"Event body\"]}}]"}}, {"model": "admin.logentry", "pk": 8, "fields": {"action_time": "2022-09-01T08:22:43.831Z", "user": 1, "content_type": 8, "object_id": "7", "object_repr": "Post object (7)", "action_flag": 1, "change_message": "[{\"added\": {}}]"}}, {"model": "admin.logentry", "pk": 9, "fields": {"action_time": "2022-09-05T08:36:28.238Z", "user": 1, "content_type": 19, "object_id": "1", "object_repr": "1:https://google.com..", "action_flag": 2, "change_message": "[]"}}, {"model": "auth.permission", "pk": 1, "fields": {"name": "Can add log entry", "content_type": 1, "codename": "add_logentry"}}, {"model": "auth.permission", "pk": 2, "fields": {"name": "Can change log entry", "content_type": 1, "codename": "change_logentry"}}, {"model": "auth.permission", "pk": 3, "fields": {"name": "Can delete log entry", "content_type": 1, "codename": "delete_logentry"}}, {"model": "auth.permission", "pk": 4, "fields": {"name": "Can view log entry", "content_type": 1, "codename": "view_logentry"}}, {"model": "auth.permission", "pk": 5, "fields": {"name": "Can add permission", "content_type": 2, "codename": "add_permission"}}, {"model": "auth.permission", "pk": 6, "fields": {"name": "Can change permission", "content_type": 2, "codename": "change_permission"}}, {"model": "auth.permission", "pk": 7, "fields": {"name": "Can delete permission", "content_type": 2, "codename": "delete_permission"}}, {"model": "auth.permission", "pk": 8, "fields": {"name": "Can view permission", "content_type": 2, "codename": "view_permission"}}, {"model": "auth.permission", "pk": 9, "fields": {"name": "Can add group", "content_type": 3, "codename": "add_group"}}, {"model": "auth.permission", "pk": 10, "fields": {"name": "Can change group", "content_type": 3, "codename": "change_group"}}, {"model": "auth.permission", "pk": 11, "fields": {"name": "Can delete group", "content_type": 3, "codename": "delete_group"}}, {"model": "auth.permission", "pk": 12, "fields": {"name": "Can view group", "content_type": 3, "codename": "view_group"}}, {"model": "auth.permission", "pk": 13, "fields": {"name": "Can add user", "content_type": 4, "codename": "add_user"}}, {"model": "auth.permission", "pk": 14, "fields": {"name": "Can change user", "content_type": 4, "codename": "change_user"}}, {"model": "auth.permission", "pk": 15, "fields": {"name": "Can delete user", "content_type": 4, "codename": "delete_user"}}, {"model": "auth.permission", "pk": 16, "fields": {"name": "Can view user", "content_type": 4, "codename": "view_user"}}, {"model": "auth.permission", "pk": 17, "fields": {"name": "Can add content type", "content_type": 5, "codename": "add_contenttype"}}, {"model": "auth.permission", "pk": 18, "fields": {"name": "Can change content type", "content_type": 5, "codename": "change_contenttype"}}, {"model": "auth.permission", "pk": 19, "fields": {"name": "Can delete content type", "content_type": 5, "codename": "delete_contenttype"}}, {"model": "auth.permission", "pk": 20, "fields": {"name": "Can view content type", "content_type": 5, "codename": "view_contenttype"}}, {"model": "auth.permission", "pk": 21, "fields": {"name": "Can add session", "content_type": 6, "codename": "add_session"}}, {"model": "auth.permission", "pk": 22, "fields": {"name": "Can change session", "content_type": 6, "codename": "change_session"}}, {"model": "auth.permission", "pk": 23, "fields": {"name": "Can delete session", "content_type": 6, "codename": "delete_session"}}, {"model": "auth.permission", "pk": 24, "fields": {"name": "Can view session", "content_type": 6, "codename": "view_session"}}, {"model": "auth.permission", "pk": 25, "fields": {"name": "Can add comment", "content_type": 7, "codename": "add_comment"}}, {"model": "auth.permission", "pk": 26, "fields": {"name": "Can change comment", "content_type": 7, "codename": "change_comment"}}, {"model": "auth.permission", "pk": 27, "fields": {"name": "Can delete comment", "content_type": 7, "codename": "delete_comment"}}, {"model": "auth.permission", "pk": 28, "fields": {"name": "Can view comment", "content_type": 7, "codename": "view_comment"}}, {"model": "auth.permission", "pk": 29, "fields": {"name": "Can add post", "content_type": 8, "codename": "add_post"}}, {"model": "auth.permission", "pk": 30, "fields": {"name": "Can change post", "content_type": 8, "codename": "change_post"}}, {"model": "auth.permission", "pk": 31, "fields": {"name": "Can delete post", "content_type": 8, "codename": "delete_post"}}, {"model": "auth.permission", "pk": 32, "fields": {"name": "Can view post", "content_type": 8, "codename": "view_post"}}, {"model": "auth.permission", "pk": 33, "fields": {"name": "Can add sub comment", "content_type": 9, "codename": "add_subcomment"}}, {"model": "auth.permission", "pk": 34, "fields": {"name": "Can change sub comment", "content_type": 9, "codename": "change_subcomment"}}, {"model": "auth.permission", "pk": 35, "fields": {"name": "Can delete sub comment", "content_type": 9, "codename": "delete_subcomment"}}, {"model": "auth.permission", "pk": 36, "fields": {"name": "Can view sub comment", "content_type": 9, "codename": "view_subcomment"}}, {"model": "auth.permission", "pk": 37, "fields": {"name": "Can add like", "content_type": 10, "codename": "add_like"}}, {"model": "auth.permission", "pk": 38, "fields": {"name": "Can change like", "content_type": 10, "codename": "change_like"}}, {"model": "auth.permission", "pk": 39, "fields": {"name": "Can delete like", "content_type": 10, "codename": "delete_like"}}, {"model": "auth.permission", "pk": 40, "fields": {"name": "Can view like", "content_type": 10, "codename": "view_like"}}, {"model": "auth.permission", "pk": 41, "fields": {"name": "Can add dislike", "content_type": 11, "codename": "add_dislike"}}, {"model": "auth.permission", "pk": 42, "fields": {"name": "Can change dislike", "content_type": 11, "codename": "change_dislike"}}, {"model": "auth.permission", "pk": 43, "fields": {"name": "Can delete dislike", "content_type": 11, "codename": "delete_dislike"}}, {"model": "auth.permission", "pk": 44, "fields": {"name": "Can view dislike", "content_type": 11, "codename": "view_dislike"}}, {"model": "auth.permission", "pk": 45, "fields": {"name": "Can add user otp", "content_type": 12, "codename": "add_userotp"}}, {"model": "auth.permission", "pk": 46, "fields": {"name": "Can change user otp", "content_type": 12, "codename": "change_userotp"}}, {"model": "auth.permission", "pk": 47, "fields": {"name": "Can delete user otp", "content_type": 12, "codename": "delete_userotp"}}, {"model": "auth.permission", "pk": 48, "fields": {"name": "Can view user otp", "content_type": 12, "codename": "view_userotp"}}, {"model": "auth.permission", "pk": 49, "fields": {"name": "Can add profile", "content_type": 13, "codename": "add_profile"}}, {"model": "auth.permission", "pk": 50, "fields": {"name": "Can change profile", "content_type": 13, "codename": "change_profile"}}, {"model": "auth.permission", "pk": 51, "fields": {"name": "Can delete profile", "content_type": 13, "codename": "delete_profile"}}, {"model": "auth.permission", "pk": 52, "fields": {"name": "Can view profile", "content_type": 13, "codename": "view_profile"}}, {"model": "auth.permission", "pk": 53, "fields": {"name": "Can add notification", "content_type": 14, "codename": "add_notification"}}, {"model": "auth.permission", "pk": 54, "fields": {"name": "Can change notification", "content_type": 14, "codename": "change_notification"}}, {"model": "auth.permission", "pk": 55, "fields": {"name": "Can delete notification", "content_type": 14, "codename": "delete_notification"}}, {"model": "auth.permission", "pk": 56, "fields": {"name": "Can view notification", "content_type": 14, "codename": "view_notification"}}, {"model": "auth.permission", "pk": 57, "fields": {"name": "Can add event", "content_type": 15, "codename": "add_event"}}, {"model": "auth.permission", "pk": 58, "fields": {"name": "Can change event", "content_type": 15, "codename": "change_event"}}, {"model": "auth.permission", "pk": 59, "fields": {"name": "Can delete event", "content_type": 15, "codename": "delete_event"}}, {"model": "auth.permission", "pk": 60, "fields": {"name": "Can view event", "content_type": 15, "codename": "view_event"}}, {"model": "auth.permission", "pk": 61, "fields": {"name": "Can add comment", "content_type": 16, "codename": "add_comment"}}, {"model": "auth.permission", "pk": 62, "fields": {"name": "Can change comment", "content_type": 16, "codename": "change_comment"}}, {"model": "auth.permission", "pk": 63, "fields": {"name": "Can delete comment", "content_type": 16, "codename": "delete_comment"}}, {"model": "auth.permission", "pk": 64, "fields": {"name": "Can view comment", "content_type": 16, "codename": "view_comment"}}, {"model": "auth.permission", "pk": 65, "fields": {"name": "Can add tag", "content_type": 17, "codename": "add_tag"}}, {"model": "auth.permission", "pk": 66, "fields": {"name": "Can change tag", "content_type": 17, "codename": "change_tag"}}, {"model": "auth.permission", "pk": 67, "fields": {"name": "Can delete tag", "content_type": 17, "codename": "delete_tag"}}, {"model": "auth.permission", "pk": 68, "fields": {"name": "Can view tag", "content_type": 17, "codename": "view_tag"}}, {"model": "auth.permission", "pk": 69, "fields": {"name": "Can add tagged item", "content_type": 18, "codename": "add_taggeditem"}}, {"model": "auth.permission", "pk": 70, "fields": {"name": "Can change tagged item", "content_type": 18, "codename": "change_taggeditem"}}, {"model": "auth.permission", "pk": 71, "fields": {"name": "Can delete tagged item", "content_type": 18, "codename": "delete_taggeditem"}}, {"model": "auth.permission", "pk": 72, "fields": {"name": "Can view tagged item", "content_type": 18, "codename": "view_taggeditem"}}, {"model": "auth.permission", "pk": 73, "fields": {"name": "Can add website", "content_type": 19, "codename": "add_website"}}, {"model": "auth.permission", "pk": 74, "fields": {"name": "Can change website", "content_type": 19, "codename": "change_website"}}, {"model": "auth.permission", "pk": 75, "fields": {"name": "Can delete website", "content_type": 19, "codename": "delete_website"}}, {"model": "auth.permission", "pk": 76, "fields": {"name": "Can view website", "content_type": 19, "codename": "view_website"}}, {"model": "auth.user", "pk": 1, "fields": {"password": "pbkdf2_sha256$390000$tKPSluKWL86mPpkHXbql3g$cpRGL4tlsdvYy6WvdamzShuIvIMuVHEABooGvqZ+900=", "last_login": "2022-09-10T04:01:57.422Z", "is_superuser": true, "username": "innoovatum", "first_name": "", "last_name": "", "email": "innoovatum@gmail.com", "is_staff": true, "is_active": true, "date_joined": "2022-08-30T06:48:25.914Z", "groups": [], "user_permissions": []}}, {"model": "auth.user", "pk": 2, "fields": {"password": "pbkdf2_sha256$390000$AwqBBWRkp4QpHDrgl5Vt63$xLZgZH8yjQqQk+gXCUmtyshsB1A5pUgYuQr7m6EYOsk=", "last_login": "2022-09-05T08:44:36.638Z", "is_superuser": false, "username": "abufa7001@gmail.com", "first_name": "abdulraheem", "last_name": "", "email": "abufa7001@gmail.com", "is_staff": false, "is_active": true, "date_joined": "2022-08-30T06:51:54.592Z", "groups": [], "user_permissions": []}}, {"model": "auth.user", "pk": 4, "fields": {"password": "pbkdf2_sha256$390000$Qz0zp1ZZCqhTwWqMJA9fXq$j5kAu/SLx7W9y9+uo9y7kwPrn+Hg3uffUGaIizOPjls=", "last_login": "2022-09-01T10:56:37.507Z", "is_superuser": false, "username": "shaukatkotwal@gmail.com", "first_name": "shaukatkotwal", "last_name": "", "email": "shaukatkotwal@gmail.com", "is_staff": false, "is_active": true, "date_joined": "2022-08-30T09:10:09.829Z", "groups": [], "user_permissions": []}}, {"model": "contenttypes.contenttype", "pk": 1, "fields": {"app_label": "admin", "model": "logentry"}}, {"model": "contenttypes.contenttype", "pk": 2, "fields": {"app_label": "auth", "model": "permission"}}, {"model": "contenttypes.contenttype", "pk": 3, "fields": {"app_label": "auth", "model": "group"}}, {"model": "contenttypes.contenttype", "pk": 4, "fields": {"app_label": "auth", "model": "user"}}, {"model": "contenttypes.contenttype", "pk": 5, "fields": {"app_label": "contenttypes", "model": "contenttype"}}, {"model": "contenttypes.contenttype", "pk": 6, "fields": {"app_label": "sessions", "model": "session"}}, {"model": "contenttypes.contenttype", "pk": 7, "fields": {"app_label": "main", "model": "comment"}}, {"model": "contenttypes.contenttype", "pk": 8, "fields": {"app_label": "main", "model": "post"}}, {"model": "contenttypes.contenttype", "pk": 9, "fields": {"app_label": "main", "model": "subcomment"}}, {"model": "contenttypes.contenttype", "pk": 10, "fields": {"app_label": "main", "model": "like"}}, {"model": "contenttypes.contenttype", "pk": 11, "fields": {"app_label": "main", "model": "dislike"}}, {"model": "contenttypes.contenttype", "pk": 12, "fields": {"app_label": "user", "model": "userotp"}}, {"model": "contenttypes.contenttype", "pk": 13, "fields": {"app_label": "user", "model": "profile"}}, {"model": "contenttypes.contenttype", "pk": 14, "fields": {"app_label": "user", "model": "notification"}}, {"model": "contenttypes.contenttype", "pk": 15, "fields": {"app_label": "events", "model": "event"}}, {"model": "contenttypes.contenttype", "pk": 16, "fields": {"app_label": "events", "model": "comment"}}, {"model": "contenttypes.contenttype", "pk": 17, "fields": {"app_label": "taggit", "model": "tag"}}, {"model": "contenttypes.contenttype", "pk": 18, "fields": {"app_label": "taggit", "model": "taggeditem"}}, {"model": "contenttypes.contenttype", "pk": 19, "fields": {"app_label": "websites", "model": "website"}}, {"model": "sessions.session", "pk": "0e0br54ki7nz8qxaaph1az6y0cqvl4ld", "fields": {"session_data": ".eJxVjDsOwjAQBe_iGln-xD9Kes5geddrHEC2FCcV4u4QKQW0b2bei8W0rTVug5Y4Z3Zmip1-N0j4oLaDfE_t1jn2ti4z8F3hBx382jM9L4f7d1DTqN8abREw2SCUDgG0g1CUAyPBkwWSQVlJRpgMKmvvUSNJBbkUl2TCCYC9P9twOFw:1oSxIe:6YvqWiN5MWkB7RGu9Mb80FAPinr-EHlPQDv9mWbYF4c", "expire_date": "2022-09-13T09:12:48.584Z"}}, {"model": "sessions.session", "pk": "gfenvwgdo7lahewrq3ptq85niek70vhc", "fields": {"session_data": ".eJxVjMsOwiAQRf-FtSE8pjC6dN9vIAMDUjU0Ke3K-O_apAvd3nPOfYlA21rD1vMSJhYXAeL0u0VKj9x2wHdqt1mmua3LFOWuyIN2Oc6cn9fD_Tuo1Ou3LoMvYFEZ7XQqAFZjctGngZEzEigHtkSVC6G3gJq9Msaei0MG59GJ9wfMeDb8:1oThsD:SZKNVezuyRn8q3UOP1WrBQV5R-Y-uQc0fOnNDBDnaDk", "expire_date": "2022-09-15T10:56:37.514Z"}}, {"model": "sessions.session", "pk": "y3q2b45rdmr81dhafu8dxod6lu65seqq", "fields": {"session_data": ".eJxVjMsOwiAQRf-FtSHlDS7d-w1kYAapGkhKuzL-uzbpQrf3nHNfLMK21rgNWuKM7MwEO_1uCfKD2g7wDu3Wee5tXebEd4UfdPBrR3peDvfvoMKo35qUsdKikhr8ZEOSJZH1JmssiKCFD0QupCknhAJCFeVCMI4EWOGMQvb-AO5jOEE:1oWrgr:f5z4qh7MbOaXezAuXsoKvPOC0bvivMX09Z7kR2JcrAM", "expire_date": "2022-09-24T04:01:57.429Z"}}, {"model": "sessions.session", "pk": "zkc6v6wa24h70tww7064me8cvm83t717", "fields": {"session_data": ".eJxVjDsOwjAQBe_iGln-xD9Kes5geddrHEC2FCcV4u4QKQW0b2bei8W0rTVug5Y4Z3Zmip1-N0j4oLaDfE_t1jn2ti4z8F3hBx382jM9L4f7d1DTqN8abREw2SCUDgG0g1CUAyPBkwWSQVlJRpgMKmvvUSNJBbkUl2TCCYC9P9twOFw:1oV7ie:a2sPR_Bk0doVSO-XVBy3jvWW4pE9zF8Oje65meujTDg", "expire_date": "2022-09-19T08:44:36.646Z"}}, {"model": "main.post", "pk": 1, "fields": {"user": 2, "post_text": "How to setup Solr with Oscar\r\nApache Solr is OscarÆs recommended production-grade search backend. This how-to describes how to get Solr running, and integrated with Oscar. The instructions below are tested on an Debian/Ubuntu machine, but should be applicable for similar environments. A working Java or OpenJDK version 8 installation are necessary.", "post_picture": "post_picture/abufa7001@gmail.com/1-india-male-bengal-tiger-enjoys-the-cool-ralph-h-bendjebar.jpg", "created_at": "2022-08-30T09:01:28.102Z", "likes": [], "dislikes": []}}, {"model": "main.post", "pk": 2, "fields": {"user": 2, "post_text": "How to setup Solr with Oscar\r\nApache Solr is OscarÆs recommended production-grade search backend. This how-to describes how to get Solr running, and integrated with Oscar. The instructions below are tested on an Debian/Ubuntu machine, but should be applicable for similar environments. A working Java or OpenJDK version 8 installation are necessary.", "post_picture": "post_picture/abufa7001@gmail.com/1-india-male-bengal-tiger-enjoys-the-cool-ralph-h-bendj_ysxeTX0.jpg", "created_at": "2022-08-30T09:04:34.416Z", "likes": [2], "dislikes": []}}, {"model": "main.post", "pk": 3, "fields": {"user": 2, "post_text": "How to setup Solr with Oscar\r\nApache Solr is OscarÆs recommended production-grade search backend. This how-to describes how to get Solr running, and integrated with Oscar. The instructions below are tested on an Debian/Ubuntu machine, but should be applicable for similar environments. A working Java or OpenJDK version 8 installation are necessary.", "post_picture": "post_picture/abufa7001@gmail.com/1-india-male-bengal-tiger-enjoys-the-cool-ralph-h-bendj_7dGgxMr.jpg", "created_at": "2022-08-30T09:05:25.132Z", "likes": [], "dislikes": []}}, {"model": "main.post", "pk": 4, "fields": {"user": 2, "post_text": "How to setup Solr with Oscar\r\nApache Solr is OscarÆs recommended production-grade search backend. This how-to describes how to get Solr running, and integrated with Oscar. The instructions below are tested on an Debian/Ubuntu machine, but should be applicable for similar environments. A working Java or OpenJDK version 8 installation are necessary.", "post_picture": "post_picture/abufa7001@gmail.com/1-india-male-bengal-tiger-enjoys-the-cool-ralph-h-bendj_m1EK9eu.jpg", "created_at": "2022-08-30T09:06:09.282Z", "likes": [4], "dislikes": []}}, {"model": "main.post", "pk": 5, "fields": {"user": 2, "post_text": "hi there", "post_picture": "", "created_at": "2022-08-30T09:06:24.699Z", "likes": [], "dislikes": []}}, {"model": "main.post", "pk": 6, "fields": {"user": 2, "post_text": "Integrating with Haystack\r\nHaystack provides an abstraction layer on top of different search backends and integrates with Django. The Haystack connection settings in your settings.py for the config above will look like this:\r\n\r\n# Solr 6.x\r\nHAYSTACK_CONNECTIONS = {\r\n    'default': {\r\n        'ENGINE': 'haystack.backends.solr_backend.SolrEngine',\r\n        'URL': 'http://127.0.0.1:8983/solr/sandbox',\r\n        'ADMIN_URL': 'http://127.0.0.1:8983/solr/admin/cores',\r\n        'INCLUDE_SPELLING': True,\r\n    },\r\n}\r\nTo use Solr with the Sandbox locally comment out the HAYSTACK_CONNECTIONS section using the WhooshEngine and uncomment the Solr 6.x section like this one.", "post_picture": "post_picture/abufa7001@gmail.com/corporate-event-planning-500x500.png", "created_at": "2022-08-30T09:13:18.176Z", "likes": [2], "dislikes": []}}, {"model": "main.post", "pk": 7, "fields": {"user": 2, "post_text": "Hello everyone Welcome to innoovatum", "post_picture": "post_picture/abufa7001@gmail.com/vltlogy23k1iid9pjffx.webp", "created_at": "2022-09-01T08:22:43.755Z", "likes": [2, 4], "dislikes": []}}, {"model": "main.post", "pk": 8, "fields": {"user": 1, "post_text": "Hello Everyone Welcome to Innoovatum", "post_picture": "", "created_at": "2022-09-01T09:27:03.697Z", "likes": [], "dislikes": []}}, {"model": "main.like", "pk": 2, "fields": {"post": 7, "user": 4, "time": "2022-09-01T11:08:50.854Z"}}, {"model": "main.like", "pk": 3, "fields": {"post": 4, "user": 4, "time": "2022-09-01T11:17:26.430Z"}}, {"model": "main.like", "pk": 4, "fields": {"post": 7, "user": 2, "time": "2022-09-02T07:12:43.971Z"}}, {"model": "main.like", "pk": 9, "fields": {"post": 6, "user": 2, "time": "2022-09-02T09:14:04.551Z"}}, {"model": "main.like", "pk": 11, "fields": {"post": 2, "user": 2, "time": "2022-09-04T14:57:57.048Z"}}, {"model": "main.comment", "pk": 1, "fields": {"post": 7, "user": 4, "time": "2022-09-01T11:08:56.181Z", "comm": "hi"}}, {"model": "main.comment", "pk": 2, "fields": {"post": 2, "user": 2, "time": "2022-09-02T09:14:20.014Z", "comm": "good one "}}, {"model": "main.comment", "pk": 3, "fields": {"post": 2, "user": 2, "time": "2022-09-02T09:14:44.182Z", "comm": "well done"}}, {"model": "main.subcomment", "pk": 1, "fields": {"user": 2, "time": "2022-09-02T09:14:30.447Z", "comm": "its really good", "comment": 2}}, {"model": "user.userotp", "pk": 1, "fields": {"user": 2, "time_st": "2022-08-30T06:51:54.901Z", "otp": 252737}}, {"model": "user.userotp", "pk": 2, "fields": {"user": 2, "time_st": "2022-08-30T06:53:26.133Z", "otp": 132979}}, {"model": "user.userotp", "pk": 4, "fields": {"user": 2, "time_st": "2022-08-30T08:42:10.939Z", "otp": 291185}}, {"model": "user.userotp", "pk": 5, "fields": {"user": 2, "time_st": "2022-08-30T08:56:39.209Z", "otp": 504464}}, {"model": "user.userotp", "pk": 6, "fields": {"user": 4, "time_st": "2022-08-30T09:10:10.212Z", "otp": 818688}}, {"model": "user.profile", "pk": 1, "fields": {"user": 1, "profile_about_me": "About Me", "profile_birthday": "2022-08-30", "profile_pic": "defaults/profile_pic.jpg", "profile_cover_image": "defaults/cover_image.jpg", "profile_gender": "Male", "followers": [4], "following": []}}, {"model": "user.profile", "pk": 2, "fields": {"user": 2, "profile_about_me": "CTO and CO-FOunder AT Innoovatum", "profile_birthday": "0001-03-15", "profile_pic": "defaults/profile_pic.jpg", "profile_cover_image": "defaults/cover_image.jpg", "profile_gender": null, "followers": [4], "following": [4]}}, {"model": "user.profile", "pk": 4, "fields": {"user": 4, "profile_about_me": "About Me", "profile_birthday": null, "profile_pic": "defaults/profile_pic.jpg", "profile_cover_image": "defaults/cover_image.jpg", "profile_gender": null, "followers": [2], "following": [1, 2]}}, {"model": "user.notification", "pk": 3, "fields": {"user": 1, "message": "shaukatkotwal  started following you.", "link": "/user/shaukatkotwal@gmail.com", "seen": false}}, {"model": "user.notification", "pk": 4, "fields": {"user": 4, "message": "abdulraheem  started following you.", "link": "/user/abufa7001@gmail.com", "seen": false}}, {"model": "events.event", "pk": 1, "fields": {"event_title": "Add USB-C to your next carrier board design", "event_slug": "add-usb-c-to-your-next-carrier-board-design", "event_author": 2, "event_body": "<h3>About The Event</h3>\r\n\r\n<p>USB-C is not just a smaller connector that you finally do not have to plug in three times because you tried it upside down. You need additional components to implement a compliant USB-C port on your carrier board. USB-C power delivery gets so much better, but unfortunately also a bit more complicated. On the latest Toradex Carrier Boards, several connectors have been replaced with USB-C. It might be to replace them also on your next design.</p>\r\n\r\n<p>Allow a Toradex HW expert to provide you with tips and tricks and have your technical questions answered.</p>\r\n\r\n<p>Key Takeaways:</p>\r\n\r\n<ul>\r\n\t<li>Overview of the different USB-C solutions</li>\r\n\t<li>Learn about USB-C power delivery</li>\r\n\t<li>Learn why new terms like DRP, DRD, UFP, and DFP are now used</li>\r\n\t<li>Learn the difference between an active and passive USB-C cable and how adapter cables work</li>\r\n\t<li>Learn about helpful tricks and possible pitfalls</li>\r\n</ul>\r\n\r\n<p>Don&rsquo;t miss the live Q&amp;A with Peter at the end of the webinar.</p>\r\n\r\n<p><strong>Register here for Free:&nbsp;</strong><a href=\"https://www.toradex.com/webinars/add-usb-c-to-your-next-carrier-board-design\">https://www.toradex.com/webinars/add-usb-c-to-your-next-carrier-board-design</a></p>\r\n\r\n<p>&nbsp;</p>\r\n\r\n<p><strong>Date:</strong></p>\r\n\r\n<ul>\r\n\t<li><strong>India/Asia - Friday, September 02 2022, 01:30 P.M. - 02:30 P.M. (IST)</strong></li>\r\n\t<li><strong>Europe - Friday, September 02 2022, 10:00 A.M &ndash; 11:00 A.M. (CEST) and 07:00 P.M &ndash; 08:00 P.M. (CEST)</strong></li>\r\n\t<li><strong>Americas - Friday, September 02 2022, 10:00 A.M -11:00 A.M (PDT), 11:00 AM &ndash; 12:00 P.M (MDT), 12:00 P.M &ndash; 01:00 P.M (CDT), 01:00 P.M &ndash; 02:00 P.M (EDT)</strong></li>\r\n</ul>\r\n\r\n<p><strong>&nbsp;</strong></p>\r\n\r\n<p><strong>Speakers:</strong></p>\r\n\r\n<ul>\r\n\t<li><strong>Peter Lischer, Senior Hardware Developer, Toradex</strong></li>\r\n</ul>", "event_featured_image": "featured_image/2022/09/01/vltlogy23k1iid9pjffx.webp", "event_start_date": "2022-09-01T07:20:37Z", "event_end_date": "2022-09-01T07:20:39Z", "event_start_time": "07:20:39", "event_end_time": "07:20:40", "event_registration_deadline": "2022-09-01T08:01:27.755Z", "event_venue": "Allama Iqbal Hall Anjuman Degree College", "event_address": "Vijayapura", "event_city": "BIjapur", "event_state": "Karnataka", "event_country": "India", "event_ticket_option": "Paid", "event_onlinepayment_option": "About The Event USB-C is not just a smaller connector that you finally do not have to plug in three times because you tried it upside down.     You need additional components to implement a compliant USB-C port on your carrier board. USB-C power deli", "event_event_images": "event_images/corporate-event-planning-500x500_W15UHFU.png", "event_organizer_name": "Innoovatum", "event_sponsors": "Innoovatum", "event_event_type": "Programing Language", "event_event_topic": "Django Development", "event_listing_privacy": "public", "event_remaining_tickets": "10", "publish": "2022-09-01T07:19:02Z", "created": "2022-09-01T07:22:22.082Z", "updated": "2022-09-01T08:01:27.755Z", "status": "published"}}, {"model": "taggit.tag", "pk": 1, "fields": {"name": "#Fullstackdevelopment", "slug": "fullstackdevelopment"}}, {"model": "taggit.tag", "pk": 2, "fields": {"name": "#java", "slug": "java"}}, {"model": "taggit.tag", "pk": 3, "fields": {"name": "#workshop", "slug": "workshop"}}, {"model": "taggit.taggeditem", "pk": 1, "fields": {"tag": 1, "content_type": 15, "object_id": 1}}, {"model": "taggit.taggeditem", "pk": 2, "fields": {"tag": 2, "content_type": 15, "object_id": 1}}, {"model": "taggit.taggeditem", "pk": 3, "fields": {"tag": 3, "content_type": 15, "object_id": 1}}, {"model": "websites.website", "pk": 1, "fields": {"website_title": "google", "website_link": "https://google.com", "website_content": "google search engine", "website_logo": "django-logo-negative_Ex2brGU.png", "created_on": "2022-09-01T07:23:29.022Z"}}, {"model": "websites.website", "pk": 2, "fields": {"website_title": "Visvesvaraya Technological University (VTU)", "website_link": "https://vtu.ac.in/", "website_content": "Our hard-won reputation, as a Premier Technological University in the country, carries with it responsibility as well as opportunity. We must continue to encourage student-faculty interactions. We must also be responsible for our actions and behave accordingly", "website_logo": "vtu_logo.png", "created_on": "2022-09-01T07:24:49.931Z"}}, {"model": "websites.website", "pk": 3, "fields": {"website_title": "VTU NAAC", "website_link": "https://vtu.ac.in/en/naac/", "website_content": "Self Study Report (SSR-2020) Of Visvesvaraya Technological University, Belagavi", "website_logo": "naac-1-300x187.jpg", "created_on": "2022-09-01T07:26:16.879Z"}}]
